id,Rosas,Claveles,Macetas,Tierra,Girasoles,Hortensia,Globos,Tarjetas,fOrquídias,Carmesí,Lirios,Aurora,Tulipanes,Listón
Egon Greenhead,1,0,0,0,1,1,1,0,0,0,1,0,0,1
Elita Borles,1,0,0,0,1,1,0,0,0,1,1,0,1,1
Kingsly Yerrell,1,1,0,0,1,1,1,1,1,1,1,1,0,1
Graehme Donson,1,0,1,1,0,0,1,0,0,0,1,0,1,0
Wini McJury,1,1,0,0,1,1,0,1,1,0,0,1,1,1
Abigael Hallagan,1,1,0,1,0,0,0,1,1,0,1,1,1,0
Eldon Parrett,0,1,0,0,0,0,1,0,1,0,0,0,0,1
Bernelle Cohrs,0,0,1,0,1,1,0,1,1,0,1,1,0,0
Cordelie Becconsall,0,0,0,0,0,1,0,0,1,1,0,1,1,1
Jody Mewrcik,0,1,1,1,0,1,1,0,1,0,1,0,0,0
Gill Aisbett,1,1,1,0,0,1,0,1,0,1,0,0,1,1
Jarrad Bayle,0,1,0,0,1,0,1,0,1,1,1,1,1,1
Carolin Oxer,1,1,0,1,0,0,1,1,0,0,1,1,0,0
Alain Dodsley,1,1,0,1,1,0,1,0,0,0,1,1,1,0
Kelly Bohman,1,1,0,0,1,0,0,1,1,1,1,1,0,0
Didi Agnew,1,0,0,1,1,0,1,0,1,1,1,1,1,1
Culver Simkins,1,1,1,0,1,0,1,1,0,1,0,1,0,1
Lenka Josuweit,1,0,1,0,1,0,0,0,1,0,1,0,0,1
Rochell Pitson,1,1,0,0,0,0,0,0,0,0,1,0,1,0
Laurie Harle,0,0,0,0,0,1,0,1,0,0,0,0,1,0
Cassandry Emmins,0,0,0,0,0,1,0,0,1,1,0,1,1,0
Sharleen Delbergue,0,0,1,1,1,1,0,0,0,1,1,0,1,0
Lindon Anstiss,0,0,1,0,1,0,0,1,1,0,1,0,1,1
Deeyn Ferencz,1,0,1,1,0,1,1,1,1,1,0,0,1,0
Valenka Gouda,0,0,0,1,0,1,0,0,1,0,0,1,1,0
Darnall Giottini,1,0,0,0,1,0,1,0,1,1,0,0,1,1
Cristabel Ganley,1,0,0,1,0,1,1,1,1,1,0,0,0,0
Chalmers Gostridge,1,0,0,1,0,1,1,1,1,0,1,0,1,0
Patty Ekins,0,0,1,1,1,0,0,0,1,0,1,0,1,0
Corabella Dubble,0,1,1,1,0,1,0,0,1,0,0,0,0,1
Ardyce Straine,0,0,1,1,1,1,0,1,1,1,1,0,0,0
Aggie Dowglass,0,1,1,1,1,1,1,1,1,1,0,1,1,0
Fidela McGeachy,0,0,1,0,0,1,1,1,1,0,1,0,0,1
Estrella Clow,1,1,1,0,0,0,0,1,0,1,0,1,1,0
Sinclair Caw,0,1,1,1,1,0,0,0,1,1,0,1,1,0
Giovanna Scopes,1,1,0,1,1,1,1,0,0,0,1,0,1,0
Mariska Tootin,1,0,0,0,1,0,0,1,0,1,0,1,0,1
Westley Campkin,1,0,1,1,0,0,1,0,0,0,0,0,1,1
Rickard Welfair,0,1,0,0,1,0,1,0,1,1,1,0,1,0
Donna Bean,0,1,0,0,1,1,1,1,0,0,1,1,0,0
Estrella Tidbury,0,0,0,0,1,1,0,0,0,0,0,1,0,1
Dunstan Doumerc,0,0,1,1,0,1,1,0,0,0,1,1,1,1
Tadio Kohrsen,0,0,1,1,1,1,0,1,0,1,0,0,1,0
Dita Everton,0,0,1,0,0,0,1,0,1,0,0,0,0,1
Arlen Gange,1,0,1,0,0,1,1,1,0,1,0,1,0,0
Yale Sleight,1,1,0,0,0,1,0,0,1,1,1,1,1,0
Morlee Tome,1,0,0,0,1,0,0,1,1,0,0,0,0,0
Donalt Vankeev,0,1,1,1,0,0,0,0,1,1,1,0,0,1
Danette Kolodziejski,0,0,1,0,1,0,0,1,1,1,0,0,1,0
Gertrudis Baldelli,0,0,1,1,1,0,1,1,0,1,0,0,0,1
Shelbi Eard,0,0,1,1,0,0,0,1,1,1,0,0,0,0
Madelaine Broxis,1,0,1,0,0,1,1,1,1,1,0,1,0,0
Ossie Rubinsztein,1,1,1,0,0,1,1,0,1,1,1,0,1,0
Christy Schimek,1,0,0,1,0,1,0,0,0,1,0,1,0,0
Flint Jerdon,1,1,0,1,1,1,1,1,1,1,0,1,1,0
Andeee Petruk,0,0,1,0,1,1,1,1,0,1,0,0,1,1
Coralie Labat,0,0,0,1,0,1,1,0,1,1,0,1,1,1
Tarah Hanning,0,0,0,0,0,0,0,0,1,1,1,1,0,0
Tracie Matthiesen,1,1,0,1,0,0,0,0,1,0,1,1,1,0
Selig Stennett,0,0,0,0,0,0,1,0,0,1,1,1,0,0
Tawnya Candlish,1,1,0,0,0,0,0,1,0,1,0,0,0,1
Sherman Jerdan,0,0,0,0,1,0,1,1,1,1,1,1,1,0
Wilma Houlston,0,1,1,1,1,0,1,1,1,1,1,0,1,1
Morey Klimt,0,1,0,0,1,0,0,0,1,0,0,1,1,0
Letta Dandy,0,0,1,0,1,0,0,1,0,1,0,0,0,0
Marinna Koenraad,0,1,0,1,0,0,1,1,0,0,0,1,1,0
Edouard Cahan,1,1,0,0,1,0,1,0,0,0,0,0,0,0
Chester Crippes,1,1,0,0,1,0,0,0,0,1,1,1,1,0
Haywood Cranmere,0,1,0,0,1,0,1,0,0,0,0,1,0,0
Clari Fehners,1,1,0,1,1,1,1,1,0,0,1,1,0,1
Stephenie Sedman,0,0,0,1,0,0,1,0,1,0,1,0,0,0
Tessy Pelling,0,1,1,0,0,1,0,1,0,0,1,0,0,0
Burg Wakelin,0,1,0,0,1,0,0,0,1,1,0,1,1,1
Gilli Parrish,1,1,0,1,1,1,1,1,0,1,1,0,0,0
Viviyan Jarred,0,0,0,0,0,0,0,0,1,1,0,1,0,0
Glad Senchenko,0,0,0,1,0,1,1,0,0,1,0,0,0,0
Erroll Streeten,1,0,0,1,0,0,1,0,0,1,1,0,0,1
Travers Dumpleton,1,0,1,0,1,1,0,1,1,1,1,1,0,1
Coriss Worstall,1,0,0,1,0,0,1,0,0,0,1,1,0,1
Rosie Cotillard,0,0,1,1,1,0,1,0,1,1,0,0,1,1
Ely Sprake,0,0,1,0,1,0,0,1,0,1,1,0,1,1
Giustino Elsey,0,0,1,0,0,0,1,1,1,0,1,1,1,0
Lisabeth Fakes,1,0,1,0,1,0,0,0,1,0,0,1,1,1
Linette Follis,1,1,0,0,0,1,0,0,0,0,1,1,1,0
Bradley Galler,1,0,0,1,0,1,1,1,1,1,0,1,0,1
Devi Bucknill,1,0,0,1,1,1,0,1,1,1,0,1,0,1
Knox Gianulli,1,0,1,1,1,0,1,0,1,0,0,1,1,1
Annice Tupman,1,1,1,0,1,1,0,0,0,0,1,0,1,0
Nadya Creffeild,1,0,0,0,1,1,1,1,0,1,0,1,0,1
Torre McCleverty,1,1,0,1,1,1,0,0,1,1,0,1,0,1
Sheila Land,0,1,1,1,1,0,1,1,0,0,0,0,1,1
Allayne Burtt,0,1,1,1,0,0,0,1,1,1,1,1,0,0
Cassondra Ginnaly,0,1,0,1,0,0,0,0,0,0,1,1,1,0
Yurik Chasles,1,0,1,1,1,0,1,1,1,1,0,1,0,0
Barty McParlin,1,0,0,0,0,1,0,1,0,0,0,1,1,1
Tabor Gilcrist,0,0,1,0,0,0,1,0,0,0,1,0,1,1
Staffard Pellatt,1,0,1,1,0,1,0,1,0,1,1,1,0,1
Bobby Izzett,1,1,0,1,1,1,0,0,0,1,1,1,0,1
Ingrid Lathe,0,1,1,0,0,0,0,1,0,1,1,1,0,0
Maxie Aberdeen,1,1,1,1,1,0,0,1,0,1,1,0,1,1
Idaline Loadman,0,1,0,1,1,1,1,1,1,0,1,1,1,1
Eda Iwaszkiewicz,1,1,0,0,0,1,0,1,1,0,0,1,1,1
Cyb Vasenkov,0,1,1,1,0,1,0,1,1,0,1,1,0,0
Charmain Burrett,1,1,0,1,1,0,1,1,1,1,1,0,1,1
Sanders Doige,0,0,0,0,0,1,0,0,1,1,0,0,1,0
Urbain Symcoxe,0,0,1,0,1,1,1,1,1,1,1,1,0,1
Coralie Admans,0,0,1,0,1,1,0,0,1,1,1,0,0,1
Burton Mallett,0,1,0,1,0,0,1,1,1,0,0,0,1,1
Erin Cleveley,1,1,1,0,0,1,0,1,1,0,1,0,0,1
Ciro Brunelli,0,1,1,1,0,1,1,0,1,1,1,1,1,1
Prudi Marklund,0,1,0,1,0,0,1,0,1,1,1,1,0,0
Bernhard Tanzig,0,0,0,1,1,1,1,1,1,0,0,0,0,0
Hally Marrable,0,0,0,1,0,1,0,0,1,0,0,1,1,0
Baily Gatecliffe,1,0,1,1,0,0,0,1,0,0,0,1,1,1
Leland Pawellek,1,1,0,0,1,1,1,0,1,0,0,1,1,1
Ainslee Berens,0,0,1,1,1,0,1,0,0,1,1,1,0,0
Tad Glowacha,1,0,0,0,1,1,0,0,1,0,1,1,0,1
Eberhard Hubbart,0,0,0,1,0,0,1,0,0,1,0,0,0,0
Roderich Cusiter,1,0,1,0,1,1,0,1,0,1,1,1,1,0
Roselia Darque,1,1,0,1,1,0,0,1,1,0,0,1,1,1
Katherina Mowday,1,1,1,0,0,0,0,0,0,0,0,1,0,1
Berton Bevis,0,1,0,0,0,1,1,0,1,1,1,0,1,1
Maureene Starking,0,0,0,1,0,0,0,0,0,0,1,0,0,0
Ike Biasotti,1,0,1,1,0,1,1,1,1,0,0,0,0,0
Guthrie Pettifor,0,0,1,0,1,0,1,0,0,0,0,1,1,1
Flemming Dod,1,1,0,0,0,0,0,1,1,1,1,1,0,0
Devlin Lestor,0,0,0,0,0,1,0,1,1,1,0,1,0,1
Judye Manvelle,1,1,0,0,0,0,0,0,0,1,0,1,0,0
Bradford Hemerijk,1,1,1,1,1,1,1,1,1,0,1,1,1,1
Jacynth Zanelli,1,0,0,1,0,0,0,1,0,1,0,0,0,0
Bradford Amdohr,0,0,1,1,0,1,0,0,0,0,1,0,1,1
Zane Vaughton,0,0,0,1,0,1,0,0,1,1,0,0,0,1
Sharai Waywell,0,0,1,1,0,1,1,1,1,0,1,1,1,1
Loria Gillooly,1,0,0,1,0,1,1,0,1,0,1,1,0,1
Annora Barrasse,1,1,1,0,1,1,0,0,0,1,0,1,1,0
Feodora Nerheny,1,1,1,1,1,0,0,0,0,0,0,1,0,0
Flinn Rabbe,0,1,1,0,0,0,0,0,1,1,1,1,0,0
Tarrance Fazackerley,0,1,1,1,1,1,0,1,1,1,1,0,1,1
Candida Crock,1,0,0,1,0,1,0,0,0,1,1,1,0,1
Salem Mobius,0,1,0,1,0,1,1,1,1,0,0,1,0,1
Rozanne Tyzack,1,0,0,0,1,1,1,1,0,0,1,1,1,1
Sheila-kathryn Bussy,0,1,1,0,1,1,0,1,1,0,0,0,1,1
Othella Braisher,1,0,0,0,1,0,0,1,0,0,0,1,0,0
Edy Biggerdike,1,0,1,0,0,1,0,1,0,1,0,1,0,1
Milzie Morriarty,1,1,1,0,1,0,1,1,0,0,0,0,0,1
Tito Fausch,1,0,1,0,1,1,0,1,1,1,1,0,1,0
Elbert Dagleas,1,0,0,0,0,0,1,1,0,0,1,0,1,0
Velvet Bashford,1,0,1,1,0,1,0,1,0,1,0,1,1,0
Jacquenette McGhie,1,0,1,0,1,0,0,1,1,1,0,1,1,0
Raddy Norrey,0,0,0,0,0,1,1,0,1,1,0,0,0,1
Alaster Ballard,1,0,1,0,0,0,1,0,0,0,1,0,1,0
Janean Andreev,0,0,1,1,0,0,0,1,0,0,1,1,1,1
Frazer Mellor,0,1,1,1,0,0,1,0,1,1,1,0,0,0
Ed Wingate,1,1,1,0,1,0,1,0,0,1,0,0,0,0
Jard Lowdeane,0,0,0,0,1,1,0,1,0,1,0,0,1,0
Ynes Craufurd,1,1,0,1,0,0,1,0,0,0,1,0,0,1
Sheila Jope,1,0,1,0,0,1,0,1,1,0,0,0,1,0
Gwenny De Giorgis,1,0,1,1,0,1,0,1,1,1,1,1,0,1
Zonda Tittershill,1,0,1,1,0,0,1,0,1,1,0,0,0,1
Cortney Growcock,1,0,1,1,1,0,0,1,1,0,1,0,0,1
Nathanial Asel,1,1,0,1,1,0,0,0,0,1,1,0,0,1
Emilia Kembery,0,0,0,0,1,1,0,1,0,1,1,1,1,1
Cori Mound,1,0,0,0,1,1,1,1,0,1,1,0,1,0
Hube Darben,1,1,1,0,1,1,1,1,1,1,0,0,0,0
Ben Valencia,1,1,0,0,0,0,1,1,0,0,1,0,0,0
Karlyn Cawood,0,1,0,0,1,1,0,0,0,1,0,1,1,0
Raddy Bimson,1,0,0,0,0,1,1,0,1,1,0,0,1,0
Annora Cockle,1,0,0,0,0,0,0,0,1,0,1,1,1,1
Koenraad Simonazzi,0,0,1,1,1,0,0,0,1,0,0,0,1,0
Bettine De Gogay,0,1,1,0,0,1,1,0,0,1,0,1,0,1
Candra Son,0,1,0,0,0,1,0,1,1,0,0,0,1,0
Rickey Smylie,0,0,0,1,1,0,1,0,1,0,0,1,0,1
Vidovik Scandrite,1,1,0,1,1,1,0,1,1,0,1,1,0,0
Gabby Rawlison,0,1,0,1,1,0,1,0,0,0,0,0,0,0
Avrit Spencer,1,1,1,1,1,1,0,0,1,1,0,0,0,1
Booth Solland,1,1,1,1,1,1,1,1,0,1,1,0,0,0
Sherilyn Scriver,0,0,1,1,0,0,0,0,0,0,1,1,1,0
Jonas Mancktelow,1,1,0,1,0,1,0,0,1,0,1,0,0,1
Maggi Westfalen,1,1,1,1,0,0,1,1,0,1,0,0,1,1
Harbert Luisetti,0,1,0,1,1,0,0,0,0,1,1,0,1,1
Nevins Wickling,1,0,1,0,1,1,0,0,1,1,1,0,0,1
Delmar Stanyer,1,0,0,0,1,1,0,1,0,1,0,1,1,0
Trey Rennix,0,0,0,1,0,0,1,0,1,0,1,1,0,1
Theo Kernley,0,1,1,0,1,1,1,1,1,0,1,1,0,1
Carly Clohisey,0,0,1,1,1,1,0,0,0,0,1,0,1,1
Olivero Colombier,1,1,1,0,0,1,1,1,1,1,1,1,0,0
Dre Birtonshaw,0,1,0,0,1,1,0,0,1,0,1,0,0,1
Max Gorringe,1,1,0,0,0,1,1,0,1,1,1,1,0,1
Merrie McIlwraith,0,1,0,0,1,1,0,0,1,1,1,0,1,0
Currey Stellin,1,1,0,0,1,0,0,1,1,1,0,1,1,1
Vere Kingshott,0,0,1,0,0,1,1,1,1,0,1,0,0,0
Shamus Mustard,0,0,1,1,1,0,1,0,1,0,0,0,1,1
Krystyna Bairnsfather,0,1,1,0,0,0,0,1,0,0,0,1,0,1
Filberto Pendre,0,1,0,1,1,1,1,0,1,0,0,0,1,1
Thane Rammell,0,1,1,1,1,0,1,1,0,0,0,1,1,0
Karol Pledger,1,1,0,0,1,1,1,1,0,1,0,0,1,1
Lishe Eyckelbeck,1,1,0,1,0,1,0,0,0,0,0,1,1,0
Dagny Pounder,0,1,1,0,0,0,1,0,1,1,1,0,1,1
Chrissy Lelliott,1,1,1,0,0,1,1,0,0,0,1,0,0,0
Elsa Charity,1,1,0,0,1,1,0,0,0,1,1,1,0,1
Mireille MacClenan,0,0,1,0,1,1,1,1,1,1,1,0,0,0
Tobin Tytler,1,0,0,1,0,0,0,0,0,0,1,0,1,1
Shepard Ram,1,1,1,1,0,0,0,1,1,0,0,1,1,0
Muriel Izaac,1,0,1,1,1,0,1,1,1,1,1,0,0,0
Rene Colt,1,0,1,0,1,0,1,1,1,1,1,0,0,0
Rosella O'Sharry,1,1,1,0,0,1,1,1,1,0,1,1,1,0
Saunders Beardow,0,0,1,1,1,0,1,0,1,1,0,0,1,1
Leena Creech,0,0,0,1,1,0,1,0,0,1,1,0,1,0
Wat Golds,1,0,1,1,0,0,1,1,0,1,0,1,0,0
Kaiser Markwell,1,0,1,1,0,0,1,0,1,0,1,0,1,0
Jan Gussie,1,1,0,0,0,0,0,0,0,0,1,0,1,0
Archy MacAdam,0,1,1,0,1,0,1,1,1,0,1,1,0,0
Krystle Hrinchenko,1,1,1,1,0,0,0,1,0,0,0,1,0,0
Myrle Bartolini,0,1,0,1,1,0,1,0,1,1,0,1,0,1
Rebecca Douberday,1,1,0,1,1,0,0,0,1,1,1,1,0,1
Sarah Briscam,1,1,1,1,1,1,0,0,0,0,1,0,0,0
Mandie Stalf,0,1,0,0,1,1,1,1,0,1,1,0,1,1
Omero Patemore,0,0,1,0,0,0,0,1,1,1,1,1,1,1
Haskell Newbery,1,0,1,0,0,1,1,1,0,1,1,1,0,0
Burnaby Skouling,0,0,1,0,0,1,1,0,1,1,0,1,1,0
Roselin Carrabott,1,1,1,0,1,1,1,0,0,0,0,1,1,0
Ursuline Cardillo,0,0,0,0,1,0,1,1,1,0,0,0,0,0
Christina Faveryear,0,0,1,0,0,1,1,0,0,1,0,0,0,1
Petronia Sydney,0,0,0,1,1,1,1,1,0,0,0,0,1,0
Drew Bartelet,1,0,1,1,1,0,0,1,1,1,0,1,1,0
Delaney Neljes,0,1,1,1,0,0,0,1,0,1,0,0,0,0
Fey Geck,0,0,0,0,1,1,0,0,1,1,1,0,1,0
Sheila-kathryn Muir,0,0,0,0,1,1,0,1,0,0,0,1,0,1
Lyndy Barchrameev,0,0,1,0,0,1,0,0,1,0,1,0,1,1
Sheppard Morriarty,0,0,0,1,1,0,1,0,1,1,0,1,0,1
Jeremiah Janas,1,1,0,0,0,1,0,1,1,0,0,1,0,0
Peadar Wyd,1,0,0,0,0,1,1,0,1,0,0,1,1,0
Olenka Harvett,1,0,0,1,0,1,0,1,0,1,1,1,0,0
Karlee Papworth,1,0,0,0,0,0,0,1,0,1,0,1,0,0
Bert Weson,0,0,0,0,0,1,1,1,0,0,1,0,0,0
Arvin Foro,0,1,1,0,0,1,0,0,1,1,1,1,0,0
Bud Gossington,1,1,1,0,1,1,0,1,0,0,1,0,0,0
Coleen Wodeland,0,0,0,1,1,0,0,0,0,0,1,0,0,0
Vida Ortes,0,0,0,0,0,1,1,1,0,0,1,1,1,0
Jeanna Shearer,1,0,0,1,0,0,1,0,0,0,1,0,1,1
Karola Whyberd,1,0,1,1,1,0,1,0,1,0,1,1,1,1
Valery Rollings,1,0,0,1,0,0,1,0,0,0,0,1,0,0
Carlos Gothrup,0,0,1,1,0,1,0,0,0,1,1,1,0,0
Gauthier Ricardin,0,1,0,1,0,0,0,1,1,0,0,1,1,0
Miles Storton,1,0,0,0,1,1,1,0,0,0,1,1,0,1
Karola Popland,0,1,0,0,1,1,1,0,0,0,0,0,0,0
Betta Tee,1,1,1,1,0,1,1,1,0,0,1,0,1,1
Halie Esom,1,0,1,0,1,1,0,0,0,1,1,1,1,0
Dar Piet,0,1,1,0,0,0,0,0,0,0,1,0,0,1
Ritchie Corkhill,1,0,0,0,0,1,1,0,0,1,0,1,0,1
Quillan Joseff,0,1,1,0,0,0,1,1,1,1,1,0,1,1
Storm Boyett,0,1,1,0,0,1,1,0,1,1,1,1,1,1
Marcy Mandry,1,0,0,1,1,0,0,0,0,1,1,1,1,1
Guillermo Dennant,1,1,1,0,1,1,0,0,0,0,0,1,1,1
Tess Toplin,0,0,0,1,1,1,1,1,1,1,1,0,0,0
Aubrey Frenzl,0,1,0,0,0,1,0,0,1,0,0,1,1,1
Menard Wickins,1,0,0,1,1,1,1,1,0,1,1,0,1,0
Konstantine Soughton,1,1,0,0,0,1,1,1,1,0,0,1,1,1
Nels Dunlap,1,0,0,1,0,0,1,0,0,1,1,0,1,1
Felipa Bertelet,0,0,0,0,1,0,0,0,0,1,0,0,0,0
Farly Armfirld,1,1,0,0,0,1,1,1,0,1,1,0,0,0
Charlot Stonner,1,0,0,1,1,0,1,0,0,0,0,0,1,1
Dorotea Nunnerley,1,0,1,0,0,0,1,0,1,1,0,1,0,1
Elke Mongeot,0,1,0,0,0,0,0,0,1,0,1,1,1,1
Arron Lagne,1,1,1,1,1,0,0,0,0,1,1,1,1,1
Ermentrude Ottery,1,0,0,1,0,0,1,1,1,1,1,0,1,0
Dylan Mosdall,1,1,0,1,1,1,0,1,0,0,1,0,0,1
Cam Cheng,0,1,0,1,0,1,1,0,1,1,0,1,1,1
Doralin Wilacot,1,1,0,0,1,0,1,0,0,0,1,0,0,1
Buiron Kitchenside,0,1,0,1,1,0,1,1,1,1,1,0,0,0
Garrott Bethel,1,0,1,1,1,1,0,0,0,1,0,1,1,0
Jilleen Smithend,1,1,0,0,0,0,1,1,1,1,1,1,1,1
Aloisia Scotchbrook,0,1,1,1,0,0,0,0,0,0,1,1,0,1
Modesta Bleeze,0,0,1,0,1,1,0,0,0,1,0,0,1,1
Burt McCleod,1,1,0,0,0,0,1,1,1,0,0,0,0,1
Sabra Mitkin,0,0,0,1,1,0,1,0,0,1,0,1,1,1
Welch Patullo,0,0,0,1,1,1,0,1,1,1,1,1,0,0
Karlotta Washtell,0,1,0,0,1,0,0,1,1,1,1,0,0,1
Chanda Dmitr,0,1,1,1,0,1,1,0,1,0,1,0,1,1
Genevieve Zannotelli,0,0,0,0,1,1,1,1,0,1,0,1,0,1
Morton Zanitti,1,0,1,1,1,1,1,1,1,1,0,1,0,1
Inessa Minster,0,0,0,0,0,1,1,0,1,1,1,0,1,0
Gabbey Doogue,1,0,0,0,0,1,1,1,0,0,1,0,0,1
Tedda McKniely,1,0,1,1,0,0,0,0,1,1,1,0,1,0
Scarlett Lithgow,0,0,1,1,0,0,0,0,1,0,0,1,0,0
Hunfredo Stonhouse,1,0,1,0,0,1,0,1,1,1,0,1,1,0
Pepito Lissenden,1,0,0,1,1,1,1,0,0,1,0,0,0,1
Bride Eskriett,0,1,0,0,1,1,0,1,1,0,1,1,0,1
Quincey O'Doghesty,1,0,0,0,1,0,1,0,1,0,0,1,0,0
Otis Jaime,1,0,0,0,1,1,0,1,0,0,0,0,0,0
Irene Herety,1,0,1,0,1,0,0,0,1,1,1,0,0,1
Raynell Clarridge,0,1,0,1,0,0,0,1,1,1,1,1,1,0
Bjorn Mowle,0,0,1,1,1,1,0,0,0,0,0,1,1,1
Linc Sholl,1,1,0,0,1,1,0,0,0,0,0,1,0,1
Dall Gaylor,0,1,1,0,0,1,1,0,0,0,1,1,1,0
Oby Ansley,0,1,1,0,1,1,1,0,0,0,0,1,0,1
Maurie Gever,1,0,1,0,0,1,1,1,1,0,1,1,0,0
Lanita Albertson,1,0,1,0,1,0,1,0,1,0,1,1,1,1
Rebekkah McAnalley,1,0,1,1,0,0,0,1,0,1,1,1,1,1
Loren Caldaro,0,1,1,1,1,1,1,0,0,1,0,1,1,0
